n_estimators,max_features,validation accuracy,validation precision,validation recall,validation f1,test accuracy,test precision,test recall,test f1
200.0,4.0,0.9656075895669742,0.9549915754912522,0.8894187779433681,0.9208222770128467,0.9565741857659831,0.9495548961424333,0.8533333333333334,0.898876404494382
