min_samples_leaf,train accuracy,train precision,train recall,train f1,validation accuracy,validation precision,validation recall,validation f1,test accuracy,test precision,test recall,test f1
1,1.0,1.0,1.0,1.0,0.9419416236241291,0.8757399137461945,0.8652757078986587,0.8702159468872457,0.9336550060313631,0.8552278820375335,0.8506666666666667,0.8529411764705882
2,0.9884855405244934,0.9513148119476073,1.0,0.9750464639680159,0.9414720053493479,0.8561741322878728,0.8897168405365127,0.8724125560708575,0.9312424607961399,0.8320610687022901,0.872,0.8515625
5,0.9719261504737915,0.9034617908633429,0.9799552906110284,0.9401392976599132,0.9353713491734664,0.8275379150208984,0.901043219076006,0.8625314997261068,0.9306393244873341,0.8282828282828283,0.8746666666666667,0.8508430609597925
10,0.9531878569751624,0.8444912661987616,0.9707153502235469,0.9031939048570965,0.9268571952413094,0.7927323072392477,0.9141579731743666,0.8490269432453793,0.9288299155609168,0.8009367681498829,0.912,0.8528678304239401
