min_samples_leaf,validation accuracy,validation precision,validation recall,validation f1,test accuracy,test precision,test recall,test f1
1.0,0.9419416236241291,0.8757399137461945,0.8652757078986587,0.8702159468872457,0.9336550060313631,0.8552278820375335,0.8506666666666667,0.8529411764705882
